timestamp, name, utilization.gpu [%], utilization.memory [%], memory.used [MiB], memory.total [MiB], power.draw [W], temperature.gpu
2026/09/30 04:18:18.538, NVIDIA H200, 0 %, 0 %, 132815 MiB, 143771 MiB, 120.24 W, 35
2026/09/30 04:18:20.549, NVIDIA H200, 0 %, 0 %, 132815 MiB, 143771 MiB, 120.28 W, 35
2026/09/30 04:18:22.549, NVIDIA H200, 0 %, 0 %, 132815 MiB, 143771 MiB, 120.34 W, 35
2026/09/30 04:18:24.549, NVIDIA H200, 0 %, 0 %, 132815 MiB, 143771 MiB, 120.26 W, 35
2026/09/30 04:18:26.550, NVIDIA H200, 0 %, 0 %, 132815 MiB, 143771 MiB, 120.16 W, 35
2026/09/30 04:18:28.550, NVIDIA H200, 0 %, 0 %, 132815 MiB, 143771 MiB, 120.25 W, 35
2026/09/30 04:18:30.550, NVIDIA H200, 0 %, 0 %, 132815 MiB, 143771 MiB, 120.25 W, 35
2026/09/30 04:18:32.551, NVIDIA H200, 0 %, 0 %, 132815 MiB, 143771 MiB, 120.17 W, 35
2026/09/30 04:18:34.551, NVIDIA H200, 0 %, 0 %, 132815 MiB, 143771 MiB, 120.23 W, 35
2026/09/30 04:18:36.552, NVIDIA H200, 0 %, 0 %, 132815 MiB, 143771 MiB, 120.28 W, 35
2026/09/30 04:18:38.552, NVIDIA H200, 0 %, 0 %, 132815 MiB, 143771 MiB, 120.10 W, 35
2026/09/30 04:18:40.552, NVIDIA H200, 0 %, 0 %, 132815 MiB, 143771 MiB, 120.12 W, 35
2026/09/30 04:18:42.552, NVIDIA H200, 0 %, 0 %, 132815 MiB, 143771 MiB, 120.24 W, 35
2026/09/30 04:18:44.553, NVIDIA H200, 0 %, 0 %, 132815 MiB, 143771 MiB, 120.15 W, 35
2026/09/30 04:18:46.553, NVIDIA H200, 0 %, 0 %, 132815 MiB, 143771 MiB, 120.10 W, 35
2026/09/30 04:18:48.553, NVIDIA H200, 0 %, 0 %, 132815 MiB, 143771 MiB, 120.18 W, 35
2026/09/30 04:18:50.554, NVIDIA H200, 0 %, 0 %, 132815 MiB, 143771 MiB, 120.22 W, 35
2026/09/30 04:18:52.554, NVIDIA H200, 0 %, 0 %, 132815 MiB, 143771 MiB, 120.12 W, 35
2026/09/30 04:18:54.555, NVIDIA H200, 0 %, 0 %, 132815 MiB, 143771 MiB, 120.21 W, 35
2026/09/30 04:18:56.555, NVIDIA H200, 0 %, 0 %, 132815 MiB, 143771 MiB, 120.34 W, 35
2026/09/30 04:18:58.555, NVIDIA H200, 0 %, 0 %, 132815 MiB, 143771 MiB, 120.22 W, 35
2026/09/30 04:19:00.556, NVIDIA H200, 0 %, 0 %, 132815 MiB, 143771 MiB, 120.18 W, 35
2026/09/30 04:19:02.556, NVIDIA H200, 0 %, 0 %, 132815 MiB, 143771 MiB, 120.26 W, 35
2026/09/30 04:19:04.556, NVIDIA H200, 0 %, 0 %, 132815 MiB, 143771 MiB, 120.21 W, 35
2026/09/30 04:19:06.556, NVIDIA H200, 0 %, 0 %, 132815 MiB, 143771 MiB, 120.19 W, 35
2026/09/30 04:19:08.557, NVIDIA H200, 0 %, 0 %, 132815 MiB, 143771 MiB, 120.19 W, 35
2026/09/30 04:19:10.557, NVIDIA H200, 0 %, 0 %, 132815 MiB, 143771 MiB, 120.18 W, 35
2026/09/30 04:19:12.557, NVIDIA H200, 0 %, 0 %, 132815 MiB, 143771 MiB, 120.20 W, 35
2026/09/30 04:19:14.557, NVIDIA H200, 0 %, 0 %, 132815 MiB, 143771 MiB, 120.25 W, 35
2026/09/30 04:19:16.558, NVIDIA H200, 0 %, 0 %, 132815 MiB, 143771 MiB, 120.22 W, 35
2026/09/30 04:19:18.558, NVIDIA H200, 0 %, 0 %, 132815 MiB, 143771 MiB, 120.16 W, 35
2026/09/30 04:19:20.558, NVIDIA H200, 0 %, 0 %, 132815 MiB, 143771 MiB, 120.20 W, 35
2026/09/30 04:19:22.558, NVIDIA H200, 0 %, 0 %, 132815 MiB, 143771 MiB, 120.25 W, 35
2026/09/30 04:19:24.558, NVIDIA H200, 0 %, 0 %, 132815 MiB, 143771 MiB, 120.25 W, 35
2026/09/30 04:19:26.559, NVIDIA H200, 0 %, 0 %, 132815 MiB, 143771 MiB, 120.14 W, 35
2026/09/30 04:19:28.559, NVIDIA H200, 0 %, 0 %, 132815 MiB, 143771 MiB, 120.17 W, 35
2026/09/30 04:19:30.559, NVIDIA H200, 0 %, 0 %, 132815 MiB, 143771 MiB, 120.15 W, 35
2026/09/30 04:19:32.559, NVIDIA H200, 0 %, 0 %, 132815 MiB, 143771 MiB, 120.20 W, 35
2026/09/30 04:19:34.560, NVIDIA H200, 0 %, 0 %, 132815 MiB, 143771 MiB, 120.18 W, 35
2026/09/30 04:19:36.560, NVIDIA H200, 0 %, 0 %, 132815 MiB, 143771 MiB, 120.11 W, 35
2026/09/30 04:19:38.560, NVIDIA H200, 0 %, 0 %, 132815 MiB, 143771 MiB, 120.07 W, 35
2026/09/30 04:19:40.560, NVIDIA H200, 0 %, 0 %, 132815 MiB, 143771 MiB, 120.20 W, 35
2026/09/30 04:19:42.561, NVIDIA H200, 100 %, 43 %, 132815 MiB, 143771 MiB, 291.22 W, 45
2026/09/30 04:19:44.561, NVIDIA H200, 100 %, 42 %, 132815 MiB, 143771 MiB, 685.28 W, 45
2026/09/30 04:19:46.561, NVIDIA H200, 100 %, 88 %, 132815 MiB, 143771 MiB, 696.30 W, 48
2026/09/30 04:19:48.562, NVIDIA H200, 100 %, 89 %, 132815 MiB, 143771 MiB, 695.98 W, 49
2026/09/30 04:19:50.562, NVIDIA H200, 100 %, 90 %, 132815 MiB, 143771 MiB, 694.44 W, 50
2026/09/30 04:19:52.562, NVIDIA H200, 100 %, 43 %, 132815 MiB, 143771 MiB, 692.54 W, 53
2026/09/30 04:19:54.562, NVIDIA H200, 100 %, 89 %, 132815 MiB, 143771 MiB, 695.55 W, 52
2026/09/30 04:19:56.562, NVIDIA H200, 100 %, 89 %, 132815 MiB, 143771 MiB, 693.62 W, 53
2026/09/30 04:19:58.563, NVIDIA H200, 100 %, 90 %, 132815 MiB, 143771 MiB, 695.14 W, 53
2026/09/30 04:20:00.563, NVIDIA H200, 100 %, 59 %, 132815 MiB, 143771 MiB, 693.64 W, 56
2026/09/30 04:20:02.563, NVIDIA H200, 100 %, 90 %, 132815 MiB, 143771 MiB, 693.75 W, 55
2026/09/30 04:20:04.563, NVIDIA H200, 100 %, 89 %, 132815 MiB, 143771 MiB, 696.15 W, 56
2026/09/30 04:20:06.564, NVIDIA H200, 100 %, 90 %, 132815 MiB, 143771 MiB, 695.98 W, 56
2026/09/30 04:20:08.564, NVIDIA H200, 100 %, 65 %, 132815 MiB, 143771 MiB, 697.68 W, 58
2026/09/30 04:20:10.564, NVIDIA H200, 100 %, 89 %, 132815 MiB, 143771 MiB, 694.38 W, 56
2026/09/30 04:20:12.565, NVIDIA H200, 100 %, 90 %, 132815 MiB, 143771 MiB, 694.84 W, 57
2026/09/30 04:20:14.565, NVIDIA H200, 100 %, 90 %, 132815 MiB, 143771 MiB, 694.76 W, 57
2026/09/30 04:20:16.565, NVIDIA H200, 100 %, 64 %, 132815 MiB, 143771 MiB, 695.29 W, 59
2026/09/30 04:20:18.565, NVIDIA H200, 100 %, 89 %, 132815 MiB, 143771 MiB, 695.49 W, 58
2026/09/30 04:20:20.566, NVIDIA H200, 100 %, 90 %, 132815 MiB, 143771 MiB, 694.83 W, 58
2026/09/30 04:20:22.566, NVIDIA H200, 100 %, 90 %, 132815 MiB, 143771 MiB, 695.02 W, 58
2026/09/30 04:20:24.566, NVIDIA H200, 100 %, 37 %, 132815 MiB, 143771 MiB, 694.84 W, 60
2026/09/30 04:20:26.566, NVIDIA H200, 100 %, 47 %, 132815 MiB, 143771 MiB, 687.32 W, 57
2026/09/30 04:20:28.567, NVIDIA H200, 100 %, 89 %, 132815 MiB, 143771 MiB, 695.82 W, 58
2026/09/30 04:20:30.567, NVIDIA H200, 100 %, 89 %, 132815 MiB, 143771 MiB, 695.19 W, 58
2026/09/30 04:20:32.567, NVIDIA H200, 100 %, 90 %, 132815 MiB, 143771 MiB, 695.22 W, 58
2026/09/30 04:20:34.568, NVIDIA H200, 100 %, 49 %, 132815 MiB, 143771 MiB, 695.55 W, 60
2026/09/30 04:20:36.568, NVIDIA H200, 100 %, 89 %, 132815 MiB, 143771 MiB, 695.13 W, 59
2026/09/30 04:20:38.568, NVIDIA H200, 100 %, 89 %, 132815 MiB, 143771 MiB, 694.97 W, 59
2026/09/30 04:20:40.568, NVIDIA H200, 100 %, 90 %, 132815 MiB, 143771 MiB, 694.39 W, 59
2026/09/30 04:20:42.568, NVIDIA H200, 100 %, 34 %, 132815 MiB, 143771 MiB, 694.98 W, 61
2026/09/30 04:20:44.569, NVIDIA H200, 100 %, 89 %, 132815 MiB, 143771 MiB, 696.48 W, 59
2026/09/30 04:20:46.569, NVIDIA H200, 100 %, 89 %, 132815 MiB, 143771 MiB, 695.53 W, 59
2026/09/30 04:20:48.569, NVIDIA H200, 100 %, 90 %, 132815 MiB, 143771 MiB, 693.99 W, 59
2026/09/30 04:20:50.570, NVIDIA H200, 0 %, 0 %, 132815 MiB, 143771 MiB, 130.20 W, 49
2026/09/30 04:20:52.570, NVIDIA H200, 0 %, 0 %, 132815 MiB, 143771 MiB, 127.58 W, 47
2026/09/30 04:20:54.570, NVIDIA H200, 0 %, 0 %, 132815 MiB, 143771 MiB, 126.49 W, 45
2026/09/30 04:20:56.570, NVIDIA H200, 0 %, 0 %, 132815 MiB, 143771 MiB, 125.70 W, 44
2026/09/30 04:20:58.571, NVIDIA H200, 0 %, 0 %, 132815 MiB, 143771 MiB, 125.07 W, 43
2026/09/30 04:21:00.571, NVIDIA H200, 0 %, 0 %, 132815 MiB, 143771 MiB, 124.61 W, 42
2026/09/30 04:21:02.571, NVIDIA H200, 0 %, 0 %, 132815 MiB, 143771 MiB, 124.21 W, 42
2026/09/30 04:21:04.571, NVIDIA H200, 0 %, 0 %, 132815 MiB, 143771 MiB, 123.85 W, 41
2026/09/30 04:21:06.571, NVIDIA H200, 0 %, 0 %, 132815 MiB, 143771 MiB, 123.61 W, 41
2026/09/30 04:21:08.572, NVIDIA H200, 0 %, 0 %, 132815 MiB, 143771 MiB, 123.53 W, 41
2026/09/30 04:21:10.572, NVIDIA H200, 0 %, 0 %, 132815 MiB, 143771 MiB, 123.27 W, 40
2026/09/30 04:21:12.572, NVIDIA H200, 0 %, 0 %, 132815 MiB, 143771 MiB, 123.14 W, 40
2026/09/30 04:21:14.572, NVIDIA H200, 0 %, 0 %, 132815 MiB, 143771 MiB, 123.08 W, 40
13.919, NVIDIA H200, 0 %, 0 %, 132815 MiB, 143771 MiB, 120.25 W, 35
2026/09/30 04:19:15.919, NVIDIA H200, 0 %, 0 %, 132815 MiB, 143771 MiB, 120.28 W, 35
2026/09/30 04:19:17.920, NVIDIA H200, 0 %, 0 %, 132815 MiB, 143771 MiB, 120.17 W, 35
2026/09/30 04:19:19.920, NVIDIA H200, 0 %, 0 %, 132815 MiB, 143771 MiB, 120.19 W, 35
2026/09/30 04:19:21.920, NVIDIA H200, 0 %, 0 %, 132815 MiB, 143771 MiB, 120.21 W, 35
2026/09/30 04:19:23.921, NVIDIA H200, 0 %, 0 %, 132815 MiB, 143771 MiB, 120.25 W, 35
2026/09/30 04:19:25.921, NVIDIA H200, 0 %, 0 %, 132815 MiB, 143771 MiB, 120.23 W, 35
2026/09/30 04:19:27.921, NVIDIA H200, 0 %, 0 %, 132815 MiB, 143771 MiB, 120.18 W, 35
2026/09/30 04:19:29.922, NVIDIA H200, 0 %, 0 %, 132815 MiB, 143771 MiB, 120.12 W, 35
2026/09/30 04:19:31.922, NVIDIA H200, 0 %, 0 %, 132815 MiB, 143771 MiB, 120.22 W, 35
2026/09/30 04:19:33.922, NVIDIA H200, 0 %, 0 %, 132815 MiB, 143771 MiB, 120.16 W, 35
2026/09/30 04:19:35.922, NVIDIA H200, 0 %, 0 %, 132815 MiB, 143771 MiB, 120.12 W, 35
2026/09/30 04:19:37.923, NVIDIA H200, 0 %, 0 %, 132815 MiB, 143771 MiB, 120.02 W, 35
2026/09/30 04:19:39.923, NVIDIA H200, 0 %, 0 %, 132815 MiB, 143771 MiB, 120.11 W, 35
2026/09/30 04:19:41.923, NVIDIA H200, 0 %, 0 %, 132815 MiB, 143771 MiB, 120.07 W, 35
2026/09/30 04:19:43.923, NVIDIA H200, 100 %, 46 %, 132815 MiB, 143771 MiB, 687.18 W, 49
2026/09/30 04:19:45.924, NVIDIA H200, 100 %, 90 %, 132815 MiB, 143771 MiB, 693.74 W, 49
2026/09/30 04:19:47.924, NVIDIA H200, 100 %, 90 %, 132815 MiB, 143771 MiB, 696.49 W, 50
2026/09/30 04:19:49.924, NVIDIA H200, 100 %, 91 %, 132815 MiB, 143771 MiB, 695.11 W, 51
2026/09/30 04:19:51.924, NVIDIA H200, 100 %, 42 %, 132815 MiB, 143771 MiB, 688.20 W, 54
2026/09/30 04:19:53.925, NVIDIA H200, 100 %, 88 %, 132815 MiB, 143771 MiB, 694.57 W, 52
2026/09/30 04:19:55.925, NVIDIA H200, 100 %, 90 %, 132815 MiB, 143771 MiB, 695.46 W, 53
2026/09/30 04:19:57.925, NVIDIA H200, 100 %, 90 %, 132815 MiB, 143771 MiB, 695.14 W, 53
2026/09/30 04:19:59.925, NVIDIA H200, 100 %, 42 %, 132815 MiB, 143771 MiB, 692.92 W, 57
2026/09/30 04:20:01.926, NVIDIA H200, 100 %, 89 %, 132815 MiB, 143771 MiB, 696.22 W, 55
2026/09/30 04:20:03.926, NVIDIA H200, 100 %, 90 %, 132815 MiB, 143771 MiB, 693.16 W, 55
2026/09/30 04:20:05.926, NVIDIA H200, 100 %, 90 %, 132815 MiB, 143771 MiB, 695.52 W, 56
2026/09/30 04:20:07.927, NVIDIA H200, 100 %, 63 %, 132815 MiB, 143771 MiB, 696.82 W, 57
2026/09/30 04:20:09.927, NVIDIA H200, 100 %, 89 %, 132815 MiB, 143771 MiB, 695.24 W, 57
2026/09/30 04:20:11.927, NVIDIA H200, 100 %, 90 %, 132815 MiB, 143771 MiB, 694.66 W, 57
2026/09/30 04:20:13.927, NVIDIA H200, 100 %, 90 %, 132815 MiB, 143771 MiB, 694.24 W, 57
2026/09/30 04:20:15.928, NVIDIA H200, 100 %, 66 %, 132815 MiB, 143771 MiB, 694.40 W, 59
2026/09/30 04:20:17.928, NVIDIA H200, 100 %, 48 %, 132815 MiB, 143771 MiB, 692.40 W, 60
2026/09/30 04:20:19.928, NVIDIA H200, 100 %, 89 %, 132815 MiB, 143771 MiB, 693.37 W, 57
2026/09/30 04:20:21.929, NVIDIA H200, 100 %, 90 %, 132815 MiB, 143771 MiB, 695.87 W, 58
2026/09/30 04:20:23.929, NVIDIA H200, 100 %, 90 %, 132815 MiB, 143771 MiB, 695.98 W, 58
2026/09/30 04:20:25.929, NVIDIA H200, 100 %, 34 %, 132815 MiB, 143771 MiB, 697.05 W, 60
2026/09/30 04:20:27.929, NVIDIA H200, 100 %, 90 %, 132815 MiB, 143771 MiB, 692.42 W, 59
2026/09/30 04:20:29.930, NVIDIA H200, 100 %, 89 %, 132815 MiB, 143771 MiB, 694.67 W, 58
2026/09/30 04:20:31.930, NVIDIA H200, 100 %, 90 %, 132815 MiB, 143771 MiB, 696.18 W, 58
2026/09/30 04:20:33.930, NVIDIA H200, 100 %, 62 %, 132815 MiB, 143771 MiB, 689.64 W, 59
2026/09/30 04:20:35.931, NVIDIA H200, 100 %, 88 %, 132815 MiB, 143771 MiB, 693.10 W, 57
2026/09/30 04:20:37.931, NVIDIA H200, 100 %, 89 %, 132815 MiB, 143771 MiB, 696.44 W, 58
2026/09/30 04:20:39.931, NVIDIA H200, 100 %, 90 %, 132815 MiB, 143771 MiB, 695.23 W, 58
2026/09/30 04:20:41.931, NVIDIA H200, 100 %, 63 %, 132815 MiB, 143771 MiB, 695.86 W, 60
2026/09/30 04:20:43.932, NVIDIA H200, 100 %, 89 %, 132815 MiB, 143771 MiB, 694.74 W, 58
2026/09/30 04:20:45.932, NVIDIA H200, 100 %, 90 %, 132815 MiB, 143771 MiB, 693.40 W, 59
2026/09/30 04:20:47.932, NVIDIA H200, 100 %, 90 %, 132815 MiB, 143771 MiB, 693.92 W, 59
2026/09/30 04:20:49.933, NVIDIA H200, 0 %, 0 %, 132815 MiB, 143771 MiB, 443.50 W, 50
2026/09/30 04:20:51.933, NVIDIA H200, 0 %, 0 %, 132815 MiB, 143771 MiB, 128.35 W, 47
2026/09/30 04:20:53.933, NVIDIA H200, 0 %, 0 %, 132815 MiB, 143771 MiB, 126.72 W, 46
2026/09/30 04:20:55.933, NVIDIA H200, 0 %, 0 %, 132815 MiB, 143771 MiB, 125.89 W, 45
2026/09/30 04:20:57.934, NVIDIA H200, 0 %, 0 %, 132815 MiB, 143771 MiB, 125.26 W, 44
2026/09/30 04:20:59.934, NVIDIA H200, 0 %, 0 %, 132815 MiB, 143771 MiB, 124.75 W, 43
2026/09/30 04:21:01.934, NVIDIA H200, 0 %, 0 %, 132815 MiB, 143771 MiB, 124.31 W, 42
2026/09/30 04:21:03.935, NVIDIA H200, 0 %, 0 %, 132815 MiB, 143771 MiB, 123.96 W, 41
2026/09/30 04:21:05.935, NVIDIA H200, 0 %, 0 %, 132815 MiB, 143771 MiB, 123.70 W, 41
2026/09/30 04:21:07.935, NVIDIA H200, 0 %, 0 %, 132815 MiB, 143771 MiB, 123.56 W, 41
2026/09/30 04:21:09.936, NVIDIA H200, 0 %, 0 %, 132815 MiB, 143771 MiB, 123.37 W, 40
2026/09/30 04:21:11.936, NVIDIA H200, 0 %, 0 %, 132815 MiB, 143771 MiB, 123.21 W, 40
2026/09/30 04:21:13.936, NVIDIA H200, 0 %, 0 %, 132815 MiB, 143771 MiB, 123.08 W, 40
