index, utilization.gpu [%], memory.used [MiB]
0, 0 %, 133113 MiB
0, 0 %, 133113 MiB
0, 0 %, 133113 MiB
0, 0 %, 133113 MiB
0, 100 %, 133113 MiB
0, 100 %, 133113 MiB
0, 100 %, 133113 MiB
0, 100 %, 133113 MiB
0, 100 %, 133113 MiB
0, 100 %, 133113 MiB
0, 100 %, 133113 MiB
0, 100 %, 133113 MiB
0, 100 %, 133113 MiB
0, 100 %, 133113 MiB
0, 100 %, 133113 MiB
0, 100 %, 133113 MiB
0, 100 %, 133113 MiB
0, 100 %, 133113 MiB
0, 100 %, 133113 MiB
0, 100 %, 133113 MiB
0, 100 %, 133113 MiB
0, 100 %, 133113 MiB
0, 100 %, 133113 MiB
0, 100 %, 133113 MiB
0, 100 %, 133113 MiB
0, 100 %, 133113 MiB
0, 100 %, 133113 MiB
0, 100 %, 133113 MiB
0, 100 %, 133113 MiB
0, 100 %, 133113 MiB
0, 100 %, 133113 MiB
0, 100 %, 133113 MiB
0, 100 %, 133113 MiB
0, 100 %, 133113 MiB
0, 100 %, 133113 MiB
0, 100 %, 133113 MiB
0, 100 %, 133113 MiB
0, 100 %, 133113 MiB
0, 100 %, 133113 MiB
0, 100 %, 133113 MiB
0, 100 %, 133113 MiB
0, 100 %, 133113 MiB
0, 100 %, 133113 MiB
0, 100 %, 133113 MiB
0, 100 %, 133113 MiB
0, 100 %, 133113 MiB
0, 100 %, 133113 MiB
0, 100 %, 133113 MiB
0, 100 %, 133113 MiB
0, 100 %, 133113 MiB
0, 100 %, 133113 MiB
0, 100 %, 133113 MiB
0, 100 %, 133113 MiB
0, 100 %, 133113 MiB
0, 100 %, 133113 MiB
0, 100 %, 133113 MiB
0, 100 %, 133113 MiB
0, 100 %, 133113 MiB
0, 100 %, 133113 MiB
0, 100 %, 133113 MiB
0, 100 %, 133113 MiB
0, 100 %, 133113 MiB
0, 100 %, 133113 MiB
0, 100 %, 133113 MiB
0, 100 %, 133113 MiB
0, 100 %, 133113 MiB
0, 100 %, 133113 MiB
0, 100 %, 133113 MiB
